filename,width,height,class,xmin,ymin,xmax,ymax
apple_1.jpg,349,349,apple,0.022922636103151862,0.04297994269340974,0.9484240687679083,1.0
apple_10.jpg,1500,1500,apple,0.037333333333333336,0.066,0.942,0.946
apple_11.jpg,652,436,apple,0.3266871165644172,0.07568807339449542,0.7039877300613497,0.591743119266055
apple_11.jpg,652,436,apple,0.0015337423312883436,0.06880733944954129,0.2883435582822086,0.6422018348623854
apple_11.jpg,652,436,apple,0.17791411042944785,0.011467889908256881,0.5168711656441718,0.5045871559633027
apple_12.jpg,450,428,apple,0.09555555555555556,0.04906542056074766,0.7777777777777778,0.8247663551401869
apple_13.jpg,800,800,apple,0.51875,0.32625,0.9,0.70875
apple_13.jpg,800,800,apple,0.13125,0.5325,0.49125,0.86375
apple_13.jpg,800,800,apple,0.2425,0.3625,0.59625,0.68125
apple_14.jpg,960,640,apple,0.33125,0.228125,0.7083333333333334,0.7984375
apple_15.jpg,1400,1046,apple,0.4592857142857143,0.3479923518164436,0.9971428571428571,1.0
apple_16.jpg,333,300,apple,0.042042042042042045,0.14666666666666667,0.8108108108108109,1.0
apple_17.jpg,700,800,apple,0.16142857142857142,0.3225,0.8328571428571429,0.875
apple_18.jpg,610,458,apple,0.2360655737704918,0.29694323144104806,0.7704918032786885,0.8973799126637555
apple_19.jpg,1600,1200,apple,0.09875,0.09666666666666666,0.79,0.9525
apple_2.jpg,250,250,apple,0.148,0.208,0.82,0.888
apple_20.jpg,500,500,apple,0.046,0.11,0.916,0.994
apple_21.jpg,640,426,apple,0.1515625,0.2981220657276995,0.540625,0.8896713615023474
apple_21.jpg,640,426,apple,0.490625,0.26291079812206575,0.928125,0.903755868544601
apple_22.jpg,693,693,apple,0.19624819624819625,0.28715728715728717,0.8210678210678211,0.9062049062049062
apple_23.jpg,500,500,apple,0.294,0.436,0.672,0.824
apple_23.jpg,500,500,apple,0.198,0.262,0.528,0.632
apple_23.jpg,500,500,apple,0.47,0.284,0.808,0.648
apple_24.jpg,1132,1696,apple,0.09717314487632508,0.43042452830188677,0.8065371024734982,0.9145047169811321
apple_24.jpg,1132,1696,apple,0.0008833922261484099,0.0005896226415094339,0.35954063604240283,0.36379716981132076
apple_24.jpg,1132,1696,apple,0.09187279151943463,0.0023584905660377358,0.5512367491166078,0.3284198113207547
apple_25.jpg,350,241,apple,0.47714285714285715,0.12033195020746888,0.9885714285714285,0.8340248962655602
apple_26.jpg,350,241,apple,0.35714285714285715,0.24066390041493776,0.8628571428571429,0.91701244813278
apple_27.jpg,700,350,apple,0.07285714285714286,0.008571428571428572,0.5914285714285714,1.0
apple_28.jpg,300,300,apple,0.08333333333333333,0.14,0.9166666666666666,0.99
apple_29.jpg,250,250,apple,0.172,0.268,0.88,0.936
apple_3.jpg,1000,708,apple,0.584,0.6186440677966102,0.867,1.0
apple_3.jpg,1000,708,apple,0.492,0.19915254237288135,0.74,0.556497175141243
apple_3.jpg,1000,708,apple,0.176,0.2810734463276836,0.49,0.6581920903954802
apple_3.jpg,1000,708,apple,0.367,0.02401129943502825,0.619,0.3389830508474576
apple_3.jpg,1000,708,apple,0.642,0.04943502824858757,0.907,0.3799435028248588
apple_30.jpg,800,800,apple,0.3175,0.20375,0.7275,0.60875
apple_30.jpg,800,800,apple,0.27125,0.56,0.66875,0.89125
apple_30.jpg,800,800,apple,0.75375,0.5875,1.0,0.895
apple_30.jpg,800,800,apple,0.585,0.22375,0.90875,0.58375
apple_30.jpg,800,800,apple,0.00125,0.07875,0.385,0.5175
apple_31.jpg,780,439,apple,0.38974358974358975,0.23917995444191345,0.9910256410256411,1.0
apple_31.jpg,780,439,apple,0.0038461538461538464,0.09111617312072894,0.6089743589743589,1.0
apple_32.jpg,1320,947,apple,0.41893939393939394,0.12671594508975711,0.9333333333333333,0.9165786694825766
apple_33.jpg,800,797,apple,0.11375,0.11543287327478043,0.8875,0.8858218318695107
apple_35.jpg,298,450,apple,0.14429530201342283,0.3,0.7348993288590604,0.72
apple_36.jpg,166,171,apple,0.04819277108433735,0.09941520467836257,0.9337349397590361,0.9415204678362573
apple_37.jpg,389,352,apple,0.09254498714652956,0.13636363636363635,0.8303341902313625,0.9488636363636364
apple_38.jpg,1300,1390,apple,0.02923076923076923,0.13597122302158274,0.7823076923076923,0.8517985611510791
apple_39.jpg,1366,768,apple,0.14348462664714495,0.4127604166666667,0.42093704245973645,0.8671875
apple_4.jpg,351,240,apple,0.4017094017094017,0.14583333333333334,0.8974358974358975,0.875
apple_4.jpg,351,240,apple,0.05128205128205128,0.09166666666666666,0.47863247863247865,0.7916666666666666
apple_40.jpg,620,387,apple,0.3258064516129032,0.09560723514211886,0.7580645161290323,0.8113695090439277
apple_41.jpg,338,287,apple,0.4260355029585799,0.1916376306620209,0.9970414201183432,0.8954703832752613
apple_42.jpg,500,500,apple,0.078,0.11,0.89,0.948
apple_43.jpg,720,720,apple,0.2833333333333333,0.21388888888888888,0.8666666666666667,0.8277777777777777
apple_44.jpg,337,335,apple,0.06231454005934718,0.08059701492537313,0.9465875370919882,0.9402985074626866
apple_45.jpg,602,452,apple,0.05647840531561462,0.21017699115044247,0.5963455149501661,0.9380530973451328
apple_45.jpg,602,452,apple,0.5049833887043189,0.13716814159292035,0.9551495016611296,0.7809734513274337
apple_46.jpg,800,600,apple,0.64375,0.42833333333333334,0.935,0.8733333333333333
apple_46.jpg,800,600,apple,0.42375,0.575,0.7225,0.9483333333333334
apple_46.jpg,800,600,apple,0.0125,0.3983333333333333,0.2675,0.785
apple_46.jpg,800,600,apple,0.24125,0.31833333333333336,0.52875,0.6766666666666666
apple_46.jpg,800,600,apple,0.5525,0.29333333333333333,0.79375,0.545
apple_46.jpg,800,600,apple,0.37625,0.03666666666666667,0.66625,0.36
apple_46.jpg,800,600,apple,0.66875,0.09166666666666666,0.875,0.36666666666666664
apple_47.jpg,960,641,apple,0.05625,0.11232449297971919,0.6291666666666667,0.9734789391575663
apple_47.jpg,960,641,apple,0.46458333333333335,0.12168486739469579,0.9239583333333333,0.8517940717628705
apple_47.jpg,960,641,apple,0.7114583333333333,0.1372854914196568,1.0,0.7597503900156006
apple_48.jpg,960,640,apple,0.13854166666666667,0.2703125,0.5791666666666667,0.9296875
apple_48.jpg,960,640,apple,0.41770833333333335,0.1796875,0.7552083333333334,0.6890625
apple_49.jpg,271,300,apple,0.055350553505535055,0.29,0.940959409594096,0.97
apple_5.jpg,620,350,apple,0.10967741935483871,0.46,0.3016129032258065,0.7885714285714286
apple_5.jpg,620,350,apple,0.33548387096774196,0.5171428571428571,0.5467741935483871,0.8742857142857143
apple_5.jpg,620,350,apple,0.4258064516129032,0.18285714285714286,0.5967741935483871,0.4542857142857143
apple_5.jpg,620,350,apple,0.5338709677419354,0.002857142857142857,0.7516129032258064,0.3
apple_5.jpg,620,350,apple,0.6774193548387096,0.13142857142857142,0.8725806451612903,0.46285714285714286
apple_5.jpg,620,350,apple,0.5225806451612903,0.29714285714285715,0.7064516129032258,0.6028571428571429
apple_50.jpg,300,227,apple,0.49,0.19823788546255505,0.96,0.8898678414096917
apple_50.jpg,300,227,apple,0.15333333333333332,0.1762114537444934,0.49333333333333335,0.6563876651982379
apple_50.jpg,300,227,apple,0.2866666666666667,0.47577092511013214,0.6566666666666666,0.9559471365638766
apple_51.jpg,260,295,apple,0.16538461538461538,0.2305084745762712,0.8807692307692307,0.847457627118644
apple_52.jpg,468,450,apple,0.27564102564102566,0.16,0.5790598290598291,0.4822222222222222
apple_52.jpg,468,450,apple,0.46794871794871795,0.43333333333333335,0.7286324786324786,0.7022222222222222
apple_52.jpg,468,450,apple,0.3888888888888889,0.6911111111111111,0.7136752136752137,0.9666666666666667
apple_52.jpg,468,450,apple,0.002136752136752137,0.4022222222222222,0.35683760683760685,0.7511111111111111
apple_52.jpg,468,450,apple,0.6602564102564102,0.22444444444444445,0.8717948717948718,0.42444444444444446
apple_52.jpg,468,450,apple,0.8055555555555556,0.5511111111111111,0.9636752136752137,0.7177777777777777
apple_52.jpg,468,450,apple,0.8589743589743589,0.1711111111111111,0.9893162393162394,0.30666666666666664
apple_52.jpg,468,450,apple,0.844017094017094,0.3377777777777778,0.9829059829059829,0.4866666666666667
apple_53.jpg,300,261,apple,0.15,0.20306513409961685,0.84,1.0
apple_54.jpg,1023,936,apple,0.08504398826979472,0.2831196581196581,0.678396871945259,0.9273504273504274
apple_55.jpg,350,232,apple,0.11714285714285715,0.28879310344827586,0.43142857142857144,0.7629310344827587
apple_55.jpg,350,232,apple,0.33714285714285713,0.1724137931034483,0.6257142857142857,0.5818965517241379
apple_55.jpg,350,232,apple,0.6371428571428571,0.22844827586206898,0.9342857142857143,0.7068965517241379
apple_56.jpg,1200,900,apple,0.29083333333333333,0.25222222222222224,0.7175,0.8711111111111111
apple_57.jpg,800,533,apple,0.1825,0.01125703564727955,0.8125,1.0
apple_58.jpg,720,810,apple,0.23194444444444445,0.4123456790123457,0.9041666666666667,1.0
apple_58.jpg,720,810,apple,0.001388888888888889,0.16296296296296298,0.5111111111111111,0.7469135802469136
apple_59.jpg,1600,1135,apple,0.18125,0.09779735682819383,0.586875,0.7180616740088106
apple_6.jpg,950,587,apple,0.1463157894736842,0.21294718909710392,0.46421052631578946,0.747870528109029
apple_6.jpg,950,587,apple,0.588421052631579,0.3594548551959114,0.8821052631578947,0.7904599659284497
apple_6.jpg,950,587,apple,0.26526315789473687,0.46337308347529815,0.5568421052631579,0.8756388415672913
apple_6.jpg,950,587,apple,0.7357894736842105,0.3151618398637138,0.988421052631579,0.7717206132879046
apple_60.jpg,645,645,apple,0.17674418604651163,0.448062015503876,0.4496124031007752,0.7116279069767442
apple_60.jpg,645,645,apple,0.4372093023255814,0.45891472868217054,0.6961240310077519,0.6945736434108527
apple_60.jpg,645,645,apple,0.08837209302325581,0.44031007751937984,0.3271317829457364,0.6573643410852713
apple_60.jpg,645,645,apple,0.7457364341085271,0.3705426356589147,0.9534883720930233,0.6
apple_61.jpg,500,500,apple,0.468,0.264,0.832,0.686
apple_62.jpg,490,340,apple,0.19795918367346937,0.18235294117647058,0.746938775510204,0.9588235294117647
apple_63.jpg,1280,720,apple,0.01484375,0.001388888888888889,0.56171875,0.9833333333333333
apple_64.jpg,640,640,apple,0.5375,0.11875,1.0,0.615625
apple_65.jpg,800,600,apple,0.0875,0.041666666666666664,0.3625,0.37666666666666665
apple_65.jpg,800,600,apple,0.04375,0.3616666666666667,0.31625,0.755
apple_65.jpg,800,600,apple,0.22875,0.295,0.4775,0.685
apple_65.jpg,800,600,apple,0.75625,0.49666666666666665,0.98375,0.855
apple_65.jpg,800,600,apple,0.6225,0.6166666666666667,0.84375,0.945
apple_65.jpg,800,600,apple,0.41625,0.3983333333333333,0.7175,0.7716666666666666
apple_65.jpg,800,600,apple,0.23875,0.5833333333333334,0.46625,0.905
apple_65.jpg,800,600,apple,0.55375,0.7083333333333334,0.81875,0.9966666666666667
apple_66.jpg,800,600,apple,0.0575,0.09833333333333333,0.49625,0.72
apple_66.jpg,800,600,apple,0.45375,0.13833333333333334,0.9625,0.8566666666666667
apple_67.jpg,634,476,apple,0.4589905362776025,0.11554621848739496,0.9274447949526814,0.7184873949579832
apple_68.jpg,1010,1010,apple,0.3930693069306931,0.21089108910891088,0.9514851485148514,0.7851485148514852
apple_68.jpg,1010,1010,apple,0.07722772277227723,0.17425742574257425,0.5841584158415841,0.6584158415841584
apple_69.jpg,500,500,apple,0.19,0.454,0.524,0.808
apple_69.jpg,500,500,apple,0.458,0.438,0.812,0.752
apple_69.jpg,500,500,apple,0.338,0.256,0.696,0.594
apple_7.jpg,1300,1332,apple,0.22076923076923077,0.17492492492492492,0.8776923076923077,0.8340840840840841
apple_70.jpg,196,250,apple,0.15816326530612246,0.328,0.8010204081632653,0.888
apple_71.jpg,654,368,apple,0.4877675840978593,0.13858695652173914,0.8899082568807339,0.9211956521739131
apple_71.jpg,654,368,apple,0.12079510703363915,0.04891304347826087,0.5168195718654435,0.7336956521739131
apple_72.jpg,250,250,apple,0.104,0.224,0.888,0.956
apple_73.jpg,220,220,apple,0.02727272727272727,0.08181818181818182,0.9363636363636364,0.9363636363636364
apple_74.jpg,500,500,apple,0.25,0.392,0.59,0.748
apple_74.jpg,500,500,apple,0.394,0.288,0.726,0.656
apple_75.jpg,290,290,apple,0.017241379310344827,0.10689655172413794,0.9896551724137931,0.9517241379310345
apple_76.jpg,450,353,apple,0.08,0.10764872521246459,0.6022222222222222,0.7988668555240793
apple_8.jpg,238,168,apple,0.2815126050420168,0.047619047619047616,0.9327731092436975,0.9226190476190477
apple_9.jpg,700,525,apple,0.26285714285714284,0.20952380952380953,0.8314285714285714,1.0
banana_1.jpg,722,406,banana,0.12326869806094183,0.11822660098522167,0.8490304709141274,1.0
banana_10.jpg,720,480,banana,0.12083333333333333,0.05625,0.9569444444444445,1.0
banana_10.jpg,720,480,banana,0.13055555555555556,0.00625,0.9236111111111112,0.625
banana_10.jpg,720,480,banana,0.1625,0.014583333333333334,0.8722222222222222,0.45
banana_10.jpg,720,480,banana,0.7222222222222222,0.30625,0.9986111111111111,1.0
banana_11.jpg,300,300,banana,0.23,0.14333333333333334,0.7266666666666667,0.86
banana_12.jpg,640,620,banana,0.1,0.1629032258064516,0.728125,0.3064516129032258
banana_12.jpg,640,620,banana,0.1109375,0.17580645161290323,0.7296875,0.42096774193548386
banana_12.jpg,640,620,banana,0.125,0.23387096774193547,0.7453125,0.5709677419354838
banana_12.jpg,640,620,banana,0.3171875,0.2661290322580645,0.865625,0.7032258064516129
banana_13.jpg,2850,2850,banana,0.021052631578947368,0.02982456140350877,0.9796491228070175,0.9010526315789473
banana_14.jpg,514,386,banana,0.04669260700389105,0.012953367875647668,0.6517509727626459,0.7150259067357513
banana_14.jpg,514,386,banana,0.19455252918287938,0.16839378238341968,0.7023346303501945,0.9145077720207254
banana_16.jpg,1000,595,banana,0.025,0.06722689075630252,0.917,0.8857142857142857
banana_17.jpg,640,620,banana,0.178125,0.1693548387096774,0.44375,0.6338709677419355
banana_17.jpg,640,620,banana,0.5125,0.2064516129032258,0.6875,0.7161290322580646
banana_17.jpg,640,620,banana,0.5625,0.14193548387096774,0.7984375,0.5564516129032258
banana_17.jpg,640,620,banana,0.3625,0.22741935483870968,0.5359375,0.7387096774193549
banana_2.jpg,1000,840,banana,0.301,0.06785714285714285,0.897,0.861904761904762
banana_20.jpg,625,350,banana,0.1248,0.16285714285714287,0.6304,1.0
banana_20.jpg,625,350,banana,0.2736,0.14,0.8688,0.64
banana_20.jpg,625,350,banana,0.2528,0.12857142857142856,0.8384,0.8685714285714285
banana_20.jpg,625,350,banana,0.304,0.1457142857142857,0.8528,0.7285714285714285
banana_21.jpg,780,439,banana,0.2230769230769231,0.14123006833712984,0.7782051282051282,0.8815489749430524
banana_21.jpg,780,439,banana,0.4128205128205128,0.17539863325740318,0.8923076923076924,1.0
banana_21.jpg,780,439,banana,0.14871794871794872,0.10933940774487472,0.7115384615384616,0.6674259681093394
banana_22.jpg,640,417,banana,0.4953125,0.37410071942446044,0.8453125,0.9280575539568345
banana_22.jpg,640,417,banana,0.075,0.4364508393285372,0.6578125,0.882494004796163
banana_22.jpg,640,417,banana,0.1265625,0.2565947242206235,0.7125,0.6115107913669064
banana_23.jpg,1200,630,banana,0.0008333333333333334,0.21428571428571427,0.9841666666666666,0.953968253968254
banana_24.jpg,640,327,banana,0.1609375,0.42201834862385323,0.7671875,0.9571865443425076
banana_25.jpg,331,505,banana,0.07854984894259819,0.6732673267326733,0.9607250755287009,0.902970297029703
banana_26.jpg,780,408,banana,0.16538461538461538,0.26715686274509803,0.8102564102564103,0.8700980392156863
banana_27.jpg,1600,1205,banana,0.403125,0.3784232365145228,1.0,0.9062240663900415
banana_27.jpg,1600,1205,banana,0.511875,0.5477178423236515,1.0,0.9692946058091286
banana_27.jpg,1600,1205,banana,0.063125,0.14190871369294605,0.800625,0.866390041493776
banana_28.jpg,1008,1008,banana,0.040674603174603176,0.25793650793650796,0.935515873015873,0.7321428571428571
banana_29.jpg,800,600,banana,0.12875,0.35,0.81875,0.8066666666666666
banana_3.jpg,768,511,banana,0.234375,0.3150684931506849,0.8424479166666666,0.8532289628180039
banana_3.jpg,768,511,banana,0.24739583333333334,0.19569471624266144,0.8111979166666666,0.6457925636007827
banana_30.jpg,444,354,banana,0.038288288288288286,0.4350282485875706,0.9819819819819819,0.9830508474576272
banana_30.jpg,444,354,banana,0.24324324324324326,0.2570621468926554,0.9684684684684685,0.6440677966101694
banana_30.jpg,444,354,banana,0.25675675675675674,0.1016949152542373,0.8761261261261262,0.4830508474576271
banana_31.jpg,694,383,banana,0.2896253602305475,0.12532637075718014,0.9034582132564841,0.9895561357702349
banana_32.jpg,196,160,banana,0.22959183673469388,0.00625,0.6632653061224489,0.59375
banana_32.jpg,196,160,banana,0.3163265306122449,0.1875,0.9948979591836735,0.6875
banana_32.jpg,196,160,banana,0.00510204081632653,0.16875,0.23979591836734693,0.61875
banana_32.jpg,196,160,banana,0.08673469387755102,0.04375,0.39285714285714285,0.56875
banana_33.jpg,718,512,banana,0.05988857938718663,0.25,0.9944289693593314,0.751953125
banana_34.jpg,300,318,banana,0.21,0.1509433962264151,0.91,0.9748427672955975
banana_35.jpg,312,210,banana,0.23717948717948717,0.3952380952380952,0.7788461538461539,0.9095238095238095
banana_36.jpg,620,387,banana,0.11935483870967742,0.14987080103359174,0.8016129032258065,1.0
banana_37.jpg,1024,576,banana,0.123046875,0.027777777777777776,0.412109375,0.5
banana_37.jpg,1024,576,banana,0.6005859375,0.0798611111111111,0.8623046875,0.6753472222222222
banana_37.jpg,1024,576,banana,0.4990234375,0.1111111111111111,0.78125,0.7083333333333334
banana_37.jpg,1024,576,banana,0.4990234375,0.25,0.7529296875,0.9340277777777778
banana_37.jpg,1024,576,banana,0.3779296875,0.22743055555555555,0.5439453125,0.9670138888888888
banana_37.jpg,1024,576,banana,0.1953125,0.22569444444444445,0.4794921875,0.8072916666666666
banana_37.jpg,1024,576,banana,0.16015625,0.078125,0.5244140625,0.5659722222222222
banana_38.jpg,600,500,banana,0.06333333333333334,0.348,0.9916666666666667,0.816
banana_39.jpg,460,460,banana,0.07173913043478261,0.46304347826086956,0.9978260869565218,0.9282608695652174
banana_4.jpg,1100,756,banana,0.15545454545454546,0.31216931216931215,0.7809090909090909,1.0
banana_4.jpg,1100,756,banana,0.0036363636363636364,0.31216931216931215,0.3936363636363636,1.0
banana_40.jpg,634,420,banana,0.11829652996845426,0.05,0.88801261829653,0.780952380952381
banana_41.jpg,1920,1080,banana,0.10052083333333334,0.19166666666666668,0.8854166666666666,0.9101851851851852
banana_42.jpg,1200,630,banana,0.10416666666666667,0.2111111111111111,0.6433333333333333,0.7888888888888889
banana_43.jpg,437,290,banana,0.43478260869565216,0.041379310344827586,0.965675057208238,0.6275862068965518
banana_43.jpg,437,290,banana,0.3890160183066362,0.1482758620689655,0.8123569794050344,0.7448275862068966
banana_43.jpg,437,290,banana,0.32036613272311215,0.19310344827586207,0.6636155606407322,0.8482758620689655
banana_43.jpg,437,290,banana,0.19679633867276888,0.25862068965517243,0.39359267734553777,1.0
banana_44.jpg,680,450,banana,0.1411764705882353,0.23777777777777778,0.8529411764705882,0.8822222222222222
banana_45.jpg,724,780,banana,0.35082872928176795,0.29615384615384616,0.8522099447513812,0.9230769230769231
banana_46.jpg,438,219,banana,0.03881278538812785,0.2602739726027397,0.9611872146118722,0.9178082191780822
banana_47.jpg,350,263,banana,0.008571428571428572,0.23193916349809887,0.9771428571428571,1.0
banana_48.jpg,1280,720,banana,0.02265625,0.001388888888888889,0.6515625,0.2972222222222222
banana_49.jpg,660,330,banana,0.14393939393939395,0.19090909090909092,0.9045454545454545,0.806060606060606
banana_5.jpg,1200,1800,banana,0.305,0.3194444444444444,0.9775,0.8411111111111111
banana_5.jpg,1200,1800,banana,0.03833333333333333,0.2911111111111111,0.8425,0.6677777777777778
banana_5.jpg,1200,1800,banana,0.0008333333333333334,0.22166666666666668,0.7491666666666666,0.4938888888888889
banana_5.jpg,1200,1800,banana,0.13666666666666666,0.11777777777777777,0.7875,0.43944444444444447
banana_50.jpg,620,413,banana,0.6016129032258064,0.25181598062953997,0.8290322580645161,0.8353510895883777
banana_50.jpg,620,413,banana,0.4806451612903226,0.22518159806295399,0.6161290322580645,0.8571428571428571
banana_50.jpg,620,413,banana,0.3532258064516129,0.26634382566585957,0.47096774193548385,0.8450363196125908
banana_50.jpg,620,413,banana,0.19516129032258064,0.28329297820823246,0.34838709677419355,0.8571428571428571
banana_51.jpg,800,416,banana,0.12375,0.19951923076923078,0.5725,1.0
banana_51.jpg,800,416,banana,0.2325,0.09375,0.78,0.9182692307692307
banana_51.jpg,800,416,banana,0.25625,0.019230769230769232,0.8375,0.5432692307692307
banana_52.jpg,501,180,banana,0.23353293413173654,0.45555555555555555,0.6027944111776448,0.9666666666666667
banana_52.jpg,501,180,banana,0.6087824351297405,0.45,0.9760479041916168,0.9722222222222222
banana_53.jpg,409,440,banana,0.009779951100244499,0.20909090909090908,1.0,0.9863636363636363
banana_54.jpg,1024,768,banana,0.0751953125,0.2994791666666667,0.8212890625,0.7447916666666666
banana_54.jpg,1024,768,banana,0.3544921875,0.2747395833333333,0.9892578125,0.9817708333333334
banana_54.jpg,1024,768,banana,0.0361328125,0.24348958333333334,0.7744140625,0.6315104166666666
banana_55.jpg,1360,2104,banana,0.09558823529411764,0.38022813688212925,0.5617647058823529,0.8555133079847909
banana_55.jpg,1360,2104,banana,0.40147058823529413,0.29515209125475284,0.7875,0.7980038022813688
banana_56.jpg,1910,1000,banana,0.0020942408376963353,0.003,0.9518324607329843,0.926
banana_57.jpg,2569,4605,banana,0.003892565200467108,0.13572204125950055,0.9599065784351888,0.9804560260586319
banana_58.jpg,700,350,banana,0.38571428571428573,0.008571428571428572,0.9385714285714286,0.56
banana_58.jpg,700,350,banana,0.05285714285714286,0.21428571428571427,0.26571428571428574,0.6771428571428572
banana_58.jpg,700,350,banana,0.17714285714285713,0.3485714285714286,0.9514285714285714,0.8885714285714286
banana_59.jpg,728,485,banana,0.11126373626373626,0.12989690721649486,0.7197802197802198,0.9443298969072165
banana_6.jpg,2091,1394,banana,0.4251554280248685,0.1054519368723099,0.6987087517934003,0.8228120516499282
banana_60.jpg,900,700,banana,0.012222222222222223,0.06142857142857143,0.6577777777777778,0.64
banana_60.jpg,900,700,banana,0.02666666666666667,0.24857142857142858,0.6655555555555556,0.9385714285714286
banana_61.jpg,640,364,banana,0.0421875,0.1978021978021978,0.8140625,0.8763736263736264
banana_61.jpg,640,364,banana,0.425,0.21978021978021978,0.778125,0.8406593406593407
banana_62.jpg,640,360,banana,0.084375,0.43333333333333335,0.834375,1.0
banana_63.jpg,1300,1118,banana,0.14153846153846153,0.19767441860465115,0.943076923076923,0.6368515205724508
banana_63.jpg,1300,1118,banana,0.052307692307692305,0.2003577817531306,0.7776923076923077,0.6717352415026834
banana_64.jpg,673,421,banana,0.1961367013372957,0.2327790973871734,0.8781575037147102,0.8266033254156769
banana_65.jpg,640,427,banana,0.265625,0.08665105386416862,0.778125,0.7939110070257611
banana_65.jpg,640,427,banana,0.084375,0.26697892271662765,0.70625,0.8688524590163934
banana_65.jpg,640,427,banana,0.196875,0.07259953161592506,0.684375,0.5292740046838408
banana_66.jpg,425,282,banana,0.047058823529411764,0.1702127659574468,0.7835294117647059,0.6170212765957447
banana_66.jpg,425,282,banana,0.4047058823529412,0.2375886524822695,0.9294117647058824,1.0
banana_66.jpg,425,282,banana,0.13411764705882354,0.2695035460992908,0.8211764705882353,0.7978723404255319
banana_67.jpg,355,355,banana,0.05352112676056338,0.059154929577464786,0.9492957746478873,0.9154929577464789
banana_68.jpg,1199,674,banana,0.3919933277731443,0.23887240356083086,0.8273561301084237,0.7344213649851632
banana_68.jpg,1199,674,banana,0.5237698081734778,0.001483679525222552,0.9749791492910759,0.4421364985163205
banana_68.jpg,1199,674,banana,0.0008340283569641367,0.004451038575667656,0.34361968306922436,0.5103857566765578
banana_68.jpg,1199,674,banana,0.0008340283569641367,0.3694362017804154,0.21684737281067556,0.9925816023738873
banana_68.jpg,1199,674,banana,0.19099249374478733,0.6661721068249258,0.5921601334445371,1.0
banana_68.jpg,1199,674,banana,0.6855713094245204,0.712166172106825,0.9991659716430359,1.0
banana_69.jpg,700,320,banana,0.13857142857142857,0.259375,0.7614285714285715,1.0
banana_7.jpg,615,865,banana,0.28780487804878047,0.06011560693641618,0.608130081300813,0.9502890173410404
banana_70.jpg,1940,900,banana,0.008762886597938144,0.0011111111111111111,0.8195876288659794,0.6933333333333334
banana_71.jpg,478,224,banana,0.17573221757322174,0.19196428571428573,0.8430962343096234,0.6919642857142857
banana_72.jpg,2000,1332,banana,0.0285,0.1614114114114114,0.8555,0.8348348348348348
banana_72.jpg,2000,1332,banana,0.239,0.1981981981981982,0.9955,1.0
banana_72.jpg,2000,1332,banana,0.0005,0.14189189189189189,0.797,0.5765765765765766
banana_73.jpg,1920,1080,banana,0.07604166666666666,0.012037037037037037,0.7598958333333333,1.0
banana_74.jpg,720,480,banana,0.09027777777777778,0.0375,0.9625,0.4
banana_74.jpg,720,480,banana,0.16666666666666666,0.22083333333333333,0.9819444444444444,0.8666666666666667
banana_74.jpg,720,480,banana,0.3875,0.029166666666666667,1.0,0.6416666666666667
banana_75.jpg,581,374,banana,0.24784853700516352,0.12299465240641712,0.5851979345955249,0.7780748663101604
banana_76.jpg,300,180,banana,0.0033333333333333335,0.3333333333333333,0.98,0.9777777777777777
banana_8.jpg,1920,1280,banana,0.25833333333333336,0.13125,0.8348958333333333,0.72109375
banana_8.jpg,1920,1280,banana,0.10364583333333334,0.45859375,0.765625,0.990625
banana_8.jpg,1920,1280,banana,0.41510416666666666,0.00078125,0.9229166666666667,0.47734375
banana_8.jpg,1920,1280,banana,0.5479166666666667,0.00078125,0.9979166666666667,0.4296875
banana_9.jpg,2048,2728,banana,0.4013671875,0.13966275659824046,0.70703125,0.5568181818181818
mixed_1.jpg,800,564,orange,0.27625,0.14716312056737588,0.57875,0.599290780141844
mixed_1.jpg,800,564,apple,0.55,0.2624113475177305,0.8325,0.7163120567375887
mixed_1.jpg,800,564,banana,0.0675,0.40425531914893614,0.78375,0.9361702127659575
mixed_10.jpg,800,533,orange,0.1625,0.4915572232645403,0.3675,0.7729831144465291
mixed_10.jpg,800,533,apple,0.195,0.0825515947467167,0.43375,0.450281425891182
mixed_10.jpg,800,533,banana,0.42125,0.07317073170731707,0.57875,0.799249530956848
mixed_10.jpg,800,533,banana,0.47375,0.2945590994371482,0.80375,0.9099437148217636
mixed_10.jpg,800,533,banana,0.4875,0.07129455909943715,0.68,0.7786116322701688
mixed_11.jpg,1024,768,orange,0.3642578125,0.23567708333333334,0.6689453125,0.6106770833333334
mixed_11.jpg,1024,768,banana,0.1025390625,0.43359375,0.908203125,0.6888020833333334
mixed_11.jpg,1024,768,banana,0.1123046875,0.5885416666666666,0.935546875,0.859375
mixed_12.jpg,1024,637,orange,0.162109375,0.0565149136577708,0.572265625,0.6467817896389325
mixed_12.jpg,1024,637,banana,0.0380859375,0.45368916797488223,0.962890625,0.9277864992150706
mixed_12.jpg,1024,637,apple,0.529296875,0.12087912087912088,0.8896484375,0.6106750392464678
mixed_13.jpg,800,600,orange,0.1725,0.4166666666666667,0.5025,0.9383333333333334
mixed_13.jpg,800,600,apple,0.16125,0.16333333333333333,0.56125,0.5883333333333334
mixed_13.jpg,800,600,banana,0.255,0.056666666666666664,0.94125,0.56
mixed_14.jpg,1360,1223,banana,0.09705882352941177,0.3172526573998365,0.8110294117647059,0.9582992641046607
mixed_14.jpg,1360,1223,apple,0.3272058823529412,0.3654946852003271,0.7860294117647059,0.8552739165985282
mixed_15.jpg,1200,798,orange,0.4041666666666667,0.05388471177944862,0.7566666666666667,0.5877192982456141
mixed_15.jpg,1200,798,apple,0.14416666666666667,0.15914786967418545,0.5441666666666667,0.7656641604010025
mixed_15.jpg,1200,798,banana,0.23583333333333334,0.2694235588972431,0.9766666666666667,0.9573934837092731
mixed_16.jpg,439,417,orange,0.5763097949886105,0.20863309352517986,0.9703872437357631,0.6211031175059952
mixed_16.jpg,439,417,banana,0.05694760820045558,0.22302158273381295,0.7061503416856492,0.9016786570743405
mixed_16.jpg,439,417,apple,0.23462414578587698,0.011990407673860911,0.6082004555808656,0.3980815347721823
mixed_17.jpg,630,423,orange,0.17142857142857143,0.6548463356973995,0.353968253968254,0.8888888888888888
mixed_17.jpg,630,423,orange,0.8222222222222222,0.6028368794326241,0.9492063492063492,0.7801418439716312
mixed_17.jpg,630,423,orange,0.780952380952381,0.46808510638297873,0.9365079365079365,0.6501182033096927
mixed_17.jpg,630,423,banana,0.19365079365079366,0.3900709219858156,0.6015873015873016,0.6264775413711584
mixed_17.jpg,630,423,banana,0.25396825396825395,0.48936170212765956,0.6253968253968254,0.7139479905437353
mixed_17.jpg,630,423,banana,0.46984126984126984,0.3877068557919622,0.719047619047619,0.7304964539007093
mixed_17.jpg,630,423,banana,0.5142857142857142,0.5059101654846335,0.7301587301587301,0.8108747044917257
mixed_17.jpg,630,423,apple,0.4777777777777778,0.21040189125295508,0.6507936507936508,0.45390070921985815
mixed_17.jpg,630,423,apple,0.6523809523809524,0.28841607565011823,0.8333333333333334,0.5366430260047281
mixed_18.jpg,1023,682,orange,0.06549364613880743,0.23900293255131966,0.4310850439882698,0.7932551319648093
mixed_18.jpg,1023,682,banana,0.20430107526881722,0.19648093841642228,0.8465298142717498,0.5102639296187683
mixed_18.jpg,1023,682,banana,0.2570869990224829,0.3914956011730205,0.8299120234604106,0.8079178885630498
mixed_19.jpg,300,279,orange,0.013333333333333334,0.5698924731182796,0.2866666666666667,0.8853046594982079
mixed_19.jpg,300,279,orange,0.23666666666666666,0.5591397849462365,0.48,0.8279569892473119
mixed_19.jpg,300,279,banana,0.14666666666666667,0.15053763440860216,0.9133333333333333,0.4946236559139785
mixed_19.jpg,300,279,apple,0.6366666666666667,0.6344086021505376,0.95,0.9605734767025089
mixed_2.jpg,1300,957,orange,0.6115384615384616,0.38557993730407525,0.9023076923076923,0.8150470219435737
mixed_2.jpg,1300,957,banana,0.11307692307692307,0.050156739811912224,0.6684615384615384,0.49738766980146293
mixed_2.jpg,1300,957,banana,0.13,0.18808777429467086,0.6453846153846153,0.8338557993730408
mixed_20.jpg,350,306,orange,0.1457142857142857,0.08169934640522876,0.8657142857142858,0.9281045751633987
mixed_3.jpg,800,657,orange,0.58375,0.5190258751902588,0.97125,1.0
mixed_3.jpg,800,657,banana,0.0125,0.3105022831050228,0.77,0.6407914764079148
mixed_3.jpg,800,657,banana,0.02,0.3987823439878234,0.8325,0.786910197869102
mixed_3.jpg,800,657,apple,0.08,0.0593607305936073,0.4075,0.5053272450532724
mixed_4.jpg,640,857,orange,0.4890625,0.17852975495915985,0.746875,0.40606767794632437
mixed_4.jpg,640,857,apple,0.1984375,0.17269544924154026,0.5,0.4329054842473746
mixed_4.jpg,640,857,banana,0.1140625,0.42707117852975496,0.965625,0.7222870478413069
mixed_5.jpg,1024,1024,orange,0.54296875,0.173828125,0.927734375,0.5458984375
mixed_5.jpg,1024,1024,apple,0.0712890625,0.16015625,0.462890625,0.537109375
mixed_5.jpg,1024,1024,banana,0.1728515625,0.58984375,0.837890625,0.943359375
mixed_6.jpg,350,233,orange,0.10857142857142857,0.03862660944206009,0.5257142857142857,0.6523605150214592
mixed_6.jpg,350,233,banana,0.07714285714285714,0.648068669527897,0.9514285714285714,1.0
mixed_6.jpg,350,233,apple,0.5371428571428571,0.017167381974248927,0.9285714285714286,0.6394849785407726
mixed_7.jpg,800,516,orange,0.3275,0.4476744186046512,0.60625,0.8624031007751938
mixed_7.jpg,800,516,apple,0.57875,0.4321705426356589,0.8625,0.8410852713178295
mixed_7.jpg,800,516,banana,0.1925,0.5,0.6375,0.8817829457364341
mixed_8.jpg,800,757,orange,0.17625,0.2047556142668428,0.62375,0.6776750330250991
mixed_8.jpg,800,757,banana,0.09625,0.17569352708058125,0.8425,0.7793923381770145
mixed_9.jpg,450,470,orange,0.49333333333333335,0.12978723404255318,0.8888888888888888,0.5085106382978724
mixed_9.jpg,450,470,apple,0.06444444444444444,0.1595744680851064,0.43777777777777777,0.46382978723404256
mixed_9.jpg,450,470,banana,0.19555555555555557,0.6212765957446809,0.8888888888888888,0.8851063829787233
orange_1.jpg,640,347,orange,0.1375,0.35446685878962536,0.3515625,0.8126801152737753
orange_1.jpg,640,347,orange,0.1234375,0.138328530259366,0.3359375,0.5389048991354467
orange_1.jpg,640,347,orange,0.659375,0.3400576368876081,0.865625,0.7579250720461095
orange_1.jpg,640,347,orange,0.6984375,0.15273775216138327,0.93125,0.5273775216138329
orange_1.jpg,640,347,orange,0.4921875,0.21613832853025935,0.715625,0.6311239193083573
orange_1.jpg,640,347,orange,0.375,0.3659942363112392,0.6109375,0.7752161383285303
orange_1.jpg,640,347,orange,0.275,0.09221902017291066,0.4828125,0.4553314121037464
orange_10.jpg,280,167,orange,0.18571428571428572,0.041916167664670656,0.6214285714285714,0.7784431137724551
orange_10.jpg,280,167,orange,0.49642857142857144,0.029940119760479042,0.9821428571428571,0.8922155688622755
orange_11.jpg,686,720,orange,0.0014577259475218659,0.2375,0.7755102040816326,0.9388888888888889
orange_12.jpg,640,336,orange,0.2484375,0.13392857142857142,0.8125,1.0
orange_13.jpg,269,249,orange,0.08921933085501858,0.04417670682730924,0.9405204460966543,0.9437751004016064
orange_14.jpg,300,293,orange,0.07666666666666666,0.11262798634812286,0.9066666666666666,0.9044368600682594
orange_15.jpg,600,398,orange,0.25833333333333336,0.24874371859296482,0.685,0.8266331658291457
orange_15.jpg,600,398,orange,0.04,0.002512562814070352,0.3983333333333333,0.46984924623115576
orange_15.jpg,600,398,orange,0.6683333333333333,0.11809045226130653,1.0,0.7462311557788944
orange_15.jpg,600,398,orange,0.3416666666666667,0.06281407035175879,0.695,0.5251256281407035
orange_15.jpg,600,398,orange,0.5033333333333333,0.6834170854271356,0.9433333333333334,1.0
orange_16.jpg,450,448,orange,0.008888888888888889,0.15848214285714285,0.8133333333333334,0.8883928571428571
orange_17.jpg,1200,797,orange,0.11666666666666667,0.37641154328732745,0.4075,0.8381430363864492
orange_17.jpg,1200,797,orange,0.32416666666666666,0.4228356336260979,0.6816666666666666,0.863237139272271
orange_17.jpg,1200,797,orange,0.5175,0.3475533249686324,0.8041666666666667,0.7779171894604768
orange_17.jpg,1200,797,orange,0.30416666666666664,0.07653701380175659,0.6708333333333333,0.5257214554579673
orange_18.jpg,432,425,orange,0.02546296296296296,0.011764705882352941,0.6736111111111112,0.72
orange_19.jpg,500,375,orange,0.116,0.36533333333333334,0.534,0.9546666666666667
orange_19.jpg,500,375,orange,0.52,0.264,0.93,0.936
orange_19.jpg,500,375,orange,0.272,0.0026666666666666666,0.71,0.456
orange_2.jpg,670,584,orange,0.12985074626865672,0.2345890410958904,0.48507462686567165,0.7106164383561644
orange_2.jpg,670,584,orange,0.517910447761194,0.21746575342465754,0.9,0.6815068493150684
orange_20.jpg,1300,1225,orange,0.052307692307692305,0.24897959183673468,0.7284615384615385,0.9722448979591837
orange_21.jpg,1999,1200,orange,0.3036518259129565,0.11083333333333334,0.5152576288144072,0.45
orange_21.jpg,1999,1200,orange,0.5372686343171585,0.19166666666666668,0.7293646823411706,0.5475
orange_21.jpg,1999,1200,orange,0.5092546273136568,0.5133333333333333,0.7493746873436719,0.8733333333333333
orange_22.jpg,900,508,orange,0.08333333333333333,0.1889763779527559,0.59,0.9153543307086615
orange_23.jpg,350,350,orange,0.22285714285714286,0.2257142857142857,0.7342857142857143,0.7114285714285714
orange_24.jpg,1280,853,orange,0.31171875,0.2790152403282532,0.5296875,0.608440797186401
orange_24.jpg,1280,853,orange,0.43671875,0.09495896834701055,0.67890625,0.3974208675263775
orange_24.jpg,1280,853,orange,0.45546875,0.38452520515826494,0.715625,0.6623681125439624
orange_25.jpg,200,195,orange,0.11,0.10256410256410256,0.88,0.8461538461538461
orange_26.jpg,450,450,orange,0.36666666666666664,0.19111111111111112,0.8377777777777777,0.6466666666666666
orange_27.jpg,426,282,orange,0.1056338028169014,0.20212765957446807,0.5023474178403756,0.75177304964539
orange_27.jpg,426,282,orange,0.38497652582159625,0.17375886524822695,0.7605633802816901,0.75177304964539
orange_27.jpg,426,282,orange,0.5305164319248826,0.0070921985815602835,0.863849765258216,0.5070921985815603
orange_28.jpg,320,320,orange,0.08125,0.0875,0.9375,0.921875
orange_29.jpg,960,625,orange,0.07916666666666666,0.1104,0.42916666666666664,0.7024
orange_29.jpg,960,625,orange,0.4479166666666667,0.0928,0.790625,0.608
orange_3.jpg,250,250,orange,0.412,0.416,0.896,0.988
orange_3.jpg,250,250,orange,0.388,0.004,0.812,0.46
orange_3.jpg,250,250,orange,0.004,0.248,0.524,0.748
orange_3.jpg,250,250,orange,0.004,0.008,0.444,0.28
orange_3.jpg,250,250,orange,0.12,0.804,0.608,1.0
orange_30.jpg,640,648,orange,0.14375,0.19135802469135801,0.9453125,0.9814814814814815
orange_31.jpg,1300,1177,orange,0.5446153846153846,0.06881903143585387,0.9638461538461538,0.508071367884452
orange_32.jpg,400,293,orange,0.125,0.33447098976109213,0.62,0.9863481228668942
orange_32.jpg,400,293,orange,0.535,0.25597269624573377,0.9575,0.8464163822525598
orange_33.jpg,960,540,orange,0.06354166666666666,0.06666666666666667,0.5479166666666667,0.9111111111111111
orange_34.jpg,1600,1200,orange,0.259375,0.235,0.645,0.7516666666666667
orange_34.jpg,1600,1200,orange,0.61875,0.30833333333333335,0.98625,0.8116666666666666
orange_35.jpg,300,295,orange,0.016666666666666666,0.13220338983050847,0.8433333333333334,1.0
orange_36.jpg,1600,1200,orange,0.44125,0.21416666666666667,0.9,0.815
orange_36.jpg,1600,1200,orange,0.1075,0.15083333333333335,0.5375,0.7025
orange_37.jpg,600,483,orange,0.25166666666666665,0.14906832298136646,0.9066666666666666,0.9813664596273292
orange_38.jpg,500,500,orange,0.024,0.108,0.684,0.772
orange_4.jpg,600,600,orange,0.15333333333333332,0.11,0.91,0.87
orange_40.jpg,960,720,orange,0.25416666666666665,0.28055555555555556,0.690625,0.8333333333333334
orange_40.jpg,960,720,orange,0.6916666666666667,0.17777777777777778,0.9572916666666667,0.5125
orange_41.jpg,1280,800,orange,0.3046875,0.48875,0.63671875,1.0
orange_42.jpg,1969,1969,orange,0.05180294565769426,0.05027932960893855,1.0,0.9746063991874048
orange_43.jpg,250,250,orange,0.428,0.48,0.772,0.832
orange_43.jpg,250,250,orange,0.332,0.428,0.644,0.792
orange_44.jpg,343,257,orange,0.3965014577259475,0.45525291828793774,0.6997084548104956,0.8715953307392996
orange_46.jpg,300,280,orange,0.20666666666666667,0.275,0.8166666666666667,0.9535714285714286
orange_47.jpg,427,351,orange,0.13817330210772832,0.20512820512820512,0.6721311475409836,0.8689458689458689
orange_48.jpg,270,194,orange,0.1037037037037037,0.07216494845360824,0.46296296296296297,0.6134020618556701
orange_49.jpg,1300,1390,orange,0.20076923076923076,0.2,0.6646153846153846,0.639568345323741
orange_5.jpg,440,343,orange,0.12727272727272726,0.3294460641399417,0.6318181818181818,0.967930029154519
orange_5.jpg,440,343,orange,0.48409090909090907,0.2857142857142857,0.9386363636363636,0.9329446064139941
orange_50.jpg,573,430,orange,0.4572425828970332,0.12093023255813953,0.8865619546247818,0.727906976744186
orange_51.jpg,602,400,orange,0.4368770764119601,0.1075,0.9368770764119602,0.9075
orange_52.jpg,500,500,orange,0.43,0.362,0.812,0.74
orange_52.jpg,500,500,orange,0.656,0.346,0.976,0.702
orange_53.jpg,1024,952,orange,0.31640625,0.30567226890756305,0.67578125,0.7142857142857143
orange_54.jpg,500,500,orange,0.008,0.074,0.68,0.8
orange_55.jpg,960,720,orange,0.0375,0.21944444444444444,0.5125,0.8944444444444445
orange_56.jpg,1292,1088,orange,0.006191950464396285,0.05330882352941176,0.5735294117647058,0.765625
orange_56.jpg,1292,1088,orange,0.44891640866873067,0.019301470588235295,0.9852941176470589,0.6920955882352942
orange_57.jpg,540,720,orange,0.22962962962962963,0.07916666666666666,0.6203703703703703,0.35138888888888886
orange_57.jpg,540,720,orange,0.1425925925925926,0.4111111111111111,0.5296296296296297,0.7138888888888889
orange_57.jpg,540,720,orange,0.4703703703703704,0.5222222222222223,0.8629629629629629,0.7986111111111112
orange_57.jpg,540,720,orange,0.35,0.6402777777777777,0.7240740740740741,0.8763888888888889
orange_58.jpg,600,320,orange,0.06333333333333334,0.003125,0.575,0.934375
orange_59.jpg,400,400,orange,0.005,0.235,0.5075,0.7475
orange_6.jpg,333,240,orange,0.2132132132132132,0.075,0.7747747747747747,0.9166666666666666
orange_60.jpg,1824,1951,orange,0.09594298245614036,0.18862121988723732,0.8640350877192983,0.9015889287544849
orange_61.jpg,1300,1300,orange,0.12538461538461537,0.22615384615384615,0.7715384615384615,0.8692307692307693
orange_62.jpg,682,350,orange,0.08211143695014662,0.20857142857142857,0.4604105571847507,0.9171428571428571
orange_62.jpg,682,350,orange,0.5234604105571847,0.1,0.9618768328445748,0.9542857142857143
orange_63.jpg,3160,2072,orange,0.5167721518987342,0.19015444015444016,0.980379746835443,0.9498069498069498
orange_64.jpg,510,510,orange,0.17058823529411765,0.3176470588235294,0.6098039215686275,0.792156862745098
orange_67.jpg,640,336,orange,0.3046875,0.18154761904761904,0.684375,0.8452380952380952
orange_68.jpg,602,477,orange,0.2724252491694352,0.07547169811320754,0.9883720930232558,1.0
orange_69.jpg,1024,640,orange,0.0263671875,0.3859375,0.2841796875,0.7796875
orange_69.jpg,1024,640,orange,0.7158203125,0.41875,0.98046875,0.8359375
orange_69.jpg,1024,640,orange,0.5302734375,0.3328125,0.77734375,0.6875
orange_69.jpg,1024,640,orange,0.2763671875,0.3859375,0.5048828125,0.7109375
orange_7.jpg,1200,626,orange,0.021666666666666667,0.11022364217252396,0.5033333333333333,0.9281150159744409
orange_70.jpg,791,564,orange,0.46523388116308473,0.19326241134751773,0.8925410872313527,0.8333333333333334
orange_70.jpg,791,564,orange,0.07332490518331226,0.12234042553191489,0.5183312262958281,0.7659574468085106
orange_71.jpg,1400,1249,orange,0.09571428571428571,0.16653322658126501,0.64,0.755004003202562
orange_72.jpg,416,416,orange,0.11298076923076923,0.125,0.9110576923076923,0.9158653846153846
orange_73.jpg,1024,768,orange,0.1865234375,0.055989583333333336,0.8330078125,0.9713541666666666
orange_74.jpg,500,380,orange,0.028,0.021052631578947368,0.556,0.7368421052631579
orange_75.jpg,600,600,orange,0.14166666666666666,0.22833333333333333,0.8133333333333334,0.9083333333333333
orange_76.jpg,1620,1080,orange,0.30493827160493825,0.000925925925925926,0.8962962962962963,0.6861111111111111
orange_76.jpg,1620,1080,orange,0.5074074074074074,0.5953703703703703,1.0,0.987037037037037
orange_8.jpg,600,393,orange,0.07,0.21882951653944022,0.47,0.8396946564885496
orange_8.jpg,600,393,orange,0.485,0.20610687022900764,0.9083333333333333,0.8854961832061069
orange_9.jpg,500,427,orange,0.07,0.22482435597189696,0.536,0.7377049180327869
